num_muts,count,sum,func_freq
0,1,1,1.0
1,75,169,0.4437869822485207
2,43,178,0.24157303370786518
3,2,22,0.09090909090909091
4,0,2,0.0
