num_muts,count,sum,func_freq
0,1,1,1.0
1,125,158,0.7911392405063291
2,142,222,0.6396396396396397
3,9,33,0.2727272727272727
4,1,6,0.16666666666666666
