num_muts,count,sum,func_freq
0,1,1,1.0
1,104,179,0.5810055865921788
2,49,241,0.2033195020746888
3,1,25,0.04
4,0,4,0.0
5,0,1,0.0
