num_muts,count,sum,func_freq
0,1,1,1.0
1,141,195,0.7230769230769231
2,245,618,0.3964401294498382
3,10,65,0.15384615384615385
4,1,10,0.1
5,0,2,0.0
